Id,emotions
00023208e0e4.jpg,fear
00373f12d0d3.jpg,fear
0053bb1ca91d.jpg,angry
006319fa3004.jpg,surprise
007295bd793a.jpg,happy
00a55e6b464a.jpg,sad
00c36da8d5a8.jpg,angry
00dc10656d01.jpg,surprise
00f48568155d.jpg,sad
010e826335b0.jpg,happy
01178ca486c1.jpg,fear
0184bbdb219e.jpg,angry
01a98cd55f86.jpg,happy
01b3338069a2.jpg,fear
02114a31748b.jpg,sad
0227cfc125a5.jpg,sad
022c210cbde9.jpg,sad
023e7d80c8fb.jpg,fear
02b89dd1e28c.jpg,surprise
02cea752cb1a.jpg,angry
02d4d467f5f0.jpg,surprise
02dbeecacf78.jpg,sad
0325f4037b77.jpg,surprise
0326063892ac.jpg,happy
03872e205b3a.jpg,surprise
038d5530e76e.jpg,angry
039e94aeb71d.jpg,sad
03fdd99f8446.jpg,surprise
044bee3076e4.jpg,sad
0453551ed1f0.jpg,angry
0487ce823b0a.jpg,fear
049c360135c7.jpg,happy
04a25522518b.jpg,surprise
04cb035248cb.jpg,fear
04e19acb5261.jpg,angry
050bd3516680.jpg,happy
0544615a0adb.jpg,sad
0545bb1afb16.jpg,sad
054ba6befb63.jpg,happy
054c4414b169.jpg,angry
055127e4fbcd.jpg,happy
058feb3e2753.jpg,angry
05be3160b069.jpg,sad
05c0cdc2713e.jpg,happy
05c66d851b49.jpg,surprise
05cb0d4e9a56.jpg,happy
05da4e6b8532.jpg,happy
0612d9230e0f.jpg,angry
0621011c98e7.jpg,surprise
0625a87aa22f.jpg,angry
0626db256d35.jpg,angry
0668d5fe320a.jpg,angry
066903342cc0.jpg,angry
06809e5f41dc.jpg,fear
069f438e282d.jpg,sad
06c3cdbc75b6.jpg,happy
06c43ac41d8f.jpg,happy
06dbea087055.jpg,angry
073ce5279d0e.jpg,surprise
0747d393208f.jpg,sad
0755fb3288ce.jpg,angry
07611605de3c.jpg,sad
076617b46cb2.jpg,happy
0766f56cafe2.jpg,surprise
0768f3a35a67.jpg,sad
0784e2b4b31f.jpg,angry
078f86b88b3c.jpg,happy
07b07a07bd45.jpg,angry
07b1982edbe8.jpg,sad
07bb86062a52.jpg,happy
07bc31a97ced.jpg,sad
07d1eeca7a0a.jpg,sad
07faf67635e0.jpg,angry
083dc30546dc.jpg,sad
08b720f59770.jpg,surprise
08dde41bf0db.jpg,happy
08f0b0a29ff5.jpg,fear
090aa808c547.jpg,happy
090c3427e5db.jpg,angry
090daccb7d35.jpg,sad
093248738855.jpg,surprise
095f7e8d3431.jpg,sad
0962418afcb8.jpg,fear
097476688264.jpg,angry
098993225c50.jpg,fear
098e433b063f.jpg,surprise
09998a0633cf.jpg,sad
0a1f320ae78e.jpg,surprise
0a38bdde495a.jpg,surprise
0a56f27207d0.jpg,angry
0a89ce0841f0.jpg,surprise
0a8a0ecb1203.jpg,sad
0aab79def33d.jpg,sad
0aae1ed57a78.jpg,surprise
0afb4b171a55.jpg,fear
0b20c35635d8.jpg,surprise
0b3f925577aa.jpg,sad
0b4b9e3f14f5.jpg,sad
0b5544ffdb21.jpg,surprise
0b6532d291ba.jpg,fear
0b67cd128587.jpg,surprise
0b7eb08c612a.jpg,surprise
0b8e0d66c721.jpg,sad
0bc010d81e62.jpg,happy
0bceb7bf4d95.jpg,angry
0be8721d365c.jpg,sad
0c4bfd397359.jpg,sad
0c58e773cee4.jpg,surprise
0c7c12a70ebb.jpg,surprise
0ca85c622287.jpg,surprise
0cca9eb17289.jpg,surprise
0d29ebdd8496.jpg,sad
0d88230e38b3.jpg,sad
0da9a1e1b044.jpg,angry
0dc3fa1ffa6a.jpg,fear
0dcae8c962f8.jpg,sad
0ddad0f1d0cc.jpg,sad
0decd046fab1.jpg,sad
0def153fdfeb.jpg,sad
0df0a5f86aec.jpg,fear
0dffd6f00678.jpg,angry
0e06c41b8649.jpg,happy
0e120a4d45fb.jpg,angry
0e1c4c61385d.jpg,happy
0e1c65ac3277.jpg,surprise
0e5085178cb7.jpg,angry
0e75d6773d4d.jpg,happy
0e7cf08d6637.jpg,happy
0e848f567290.jpg,surprise
0e9cbd29cbc0.jpg,sad
0eb2a2e3d5d9.jpg,surprise
0edd191f1a55.jpg,surprise
0ee02a733bfd.jpg,happy
0ee886fb818e.jpg,surprise
0f11e89c5d0a.jpg,angry
0f153bfbeb81.jpg,angry
0f1a48ed1c4d.jpg,happy
0f35660cb7b8.jpg,happy
0f57b2b35801.jpg,sad
0fabfa3cc492.jpg,happy
0fc2ac84d10b.jpg,fear
101942a02841.jpg,surprise
101c154b6f8e.jpg,surprise
103a57e4bc1d.jpg,sad
10638e1cd27c.jpg,sad
10804fb18dfb.jpg,sad
1092ae822c31.jpg,surprise
109844f0daa6.jpg,angry
10be8c626621.jpg,surprise
10d7a3998259.jpg,sad
10dd52e8b5f5.jpg,surprise
10df4af7e373.jpg,sad
10e62b44c632.jpg,sad
10f46f51adfb.jpg,surprise
110477c272ce.jpg,happy
111f70f709fc.jpg,angry
114558e21f92.jpg,sad
116f46351a60.jpg,sad
117657d37233.jpg,surprise
1189f7562a34.jpg,happy
11b3c71bc133.jpg,surprise
11cfa4393cde.jpg,angry
11f049ca8c95.jpg,surprise
11fb302b8ad6.jpg,angry
1203cb2dc80c.jpg,angry
12114e2fdde6.jpg,sad
121b83e38b01.jpg,sad
123d45d92b6e.jpg,angry
1263f16644f6.jpg,sad
127dcf8bf693.jpg,happy
12903927b39c.jpg,sad
12a05255bde0.jpg,sad
12a7f4730940.jpg,happy
12b25c0fe41c.jpg,sad
12b753f38c13.jpg,happy
12c5ea119bdb.jpg,sad
12ca73216041.jpg,angry
12ec33242a8a.jpg,surprise
133bad5e34b7.jpg,happy
1372aec48033.jpg,fear
13878a1fc655.jpg,surprise
1394dd50c9be.jpg,happy
139a199aa1aa.jpg,happy
13aa5d8c6ede.jpg,happy
13b3a9e3019b.jpg,surprise
13f793bfffce.jpg,sad
140fa84d6f94.jpg,angry
1410e5d4867d.jpg,sad
144622f3002a.jpg,angry
1448b9bff00a.jpg,happy
146f4d04698c.jpg,angry
14758cb7b625.jpg,happy
147aa1a677c0.jpg,angry
147f6a864f6f.jpg,happy
14956e42b4e8.jpg,happy
1499d0bddbb1.jpg,happy
14a0a5fc9c8c.jpg,sad
14a5af610c83.jpg,angry
14ad24bb2aab.jpg,surprise
14d190d9f540.jpg,fear
15100d915fc4.jpg,angry
1517ab9ea0d0.jpg,sad
152b8dded676.jpg,angry
153794fea756.jpg,angry
153ad5185002.jpg,surprise
1543164b1025.jpg,fear
15571a8af72d.jpg,surprise
15948daac1cf.jpg,fear
159dc9a307d5.jpg,surprise
15b90a141a0a.jpg,happy
15bcb6763dd5.jpg,fear
15d135d8c9bc.jpg,sad
15d711ec009d.jpg,sad
15dd10474b16.jpg,happy
15f31df856fb.jpg,surprise
16266be34560.jpg,surprise
162bd897b813.jpg,happy
1640b5654b79.jpg,angry
16ad5c1faf56.jpg,angry
16c36cb5c54c.jpg,sad
16e719469eb4.jpg,sad
1703181baac4.jpg,happy
170e2b9d2f87.jpg,sad
172dc5cab0e9.jpg,surprise
173051838e67.jpg,angry
1731ac225324.jpg,fear
174b3f37e595.jpg,angry
174d3757b262.jpg,surprise
175ac94a6660.jpg,happy
175afad2b6cb.jpg,angry
176d81dccad0.jpg,angry
179ed7a46bff.jpg,angry
17b0c9e28fbc.jpg,angry
17b752c09acd.jpg,sad
17c74d6cfb12.jpg,angry
17ea11aac90d.jpg,angry
17ef4b3d90bb.jpg,fear
17f3fe6ccb29.jpg,angry
180465d70a1b.jpg,surprise
1809a73edf4f.jpg,happy
180a8fcbd591.jpg,sad
1826fcc334b9.jpg,sad
1828b07f7474.jpg,happy
18596e95e864.jpg,happy
186e6a74cf07.jpg,sad
188972886d30.jpg,angry
188c05c1eec7.jpg,happy
1897b5b4df2e.jpg,angry
18a94907e614.jpg,sad
18b775a4a81b.jpg,sad
18def3e697a1.jpg,happy
18f3782aa779.jpg,happy
190c62e6cc61.jpg,angry
191cd1b0e6cf.jpg,angry
1943a1492549.jpg,sad
195b475176ac.jpg,surprise
196e884df0c1.jpg,angry
19871c91fc26.jpg,surprise
19c612db81e0.jpg,angry
19c780524a01.jpg,sad
19cf49c7ff4f.jpg,sad
19dca062df6f.jpg,angry
19f8e3020ca5.jpg,angry
1a03c7909705.jpg,surprise
1a50e8aab5f6.jpg,angry
1a5803837fb0.jpg,happy
1a6bc7654441.jpg,surprise
1a741544df7a.jpg,happy
1aa4a8e61c1c.jpg,fear
1ab0da9487bf.jpg,fear
1b34c6ce1ef3.jpg,angry
1b3e3104b6a6.jpg,surprise
1b6176c674ad.jpg,angry
1b8df48cc124.jpg,angry
1ba59525fe02.jpg,happy
1bfcb184ddf8.jpg,happy
1c25d0de4343.jpg,angry
1c42efdaff67.jpg,happy
1c4744bffac2.jpg,happy
1c511f45630a.jpg,angry
1c62300a2b21.jpg,angry
1c7d5f70718c.jpg,sad
1ccbbbd6f323.jpg,angry
1ce9443436e7.jpg,happy
1d1041b1b5c6.jpg,happy
1d1b472c5d47.jpg,fear
1d3affade868.jpg,happy
1d508f45bcbb.jpg,angry
1d70abedd5b5.jpg,sad
1d8e11ba66c0.jpg,surprise
1d9352081eb6.jpg,sad
1d9e6d122502.jpg,sad
1dae2d28abbe.jpg,happy
1dc963803698.jpg,angry
1e2791f08411.jpg,sad
1e4ddaf7a569.jpg,angry
1e68419cf467.jpg,sad
1e742872e247.jpg,surprise
1e8deded3a39.jpg,angry
1e9012ea34af.jpg,happy
1e932182e726.jpg,angry
1e9adaf6a914.jpg,fear
1ea5534106d2.jpg,happy
1ea9fb7fa263.jpg,angry
1eda50b3dd31.jpg,sad
1ef2ac30c12d.jpg,angry
1f24400d4963.jpg,sad
1f3054ebcad4.jpg,angry
1f59f7efe322.jpg,sad
1f6ebfa28a8f.jpg,happy
1f893d8cd835.jpg,happy
1f9c049d648c.jpg,happy
1f9ec27a92e8.jpg,happy
1fbfc78436da.jpg,surprise
1ff32595536b.jpg,surprise
20433318d25c.jpg,fear
204c3bf3e616.jpg,happy
205c7319a9e0.jpg,sad
205e7114dd9e.jpg,fear
2073d93819d5.jpg,surprise
2090b8f4e91c.jpg,happy
20983104022e.jpg,surprise
20acc1640149.jpg,happy
20bc47a3bbe8.jpg,angry
20d36c0b68b6.jpg,angry
20dc95168db5.jpg,fear
20ff997376f5.jpg,angry
2149c4bfd2c9.jpg,fear
21532a420737.jpg,sad
21647ec986af.jpg,happy
216e25120362.jpg,angry
219806147b8f.jpg,happy
21d3ed1c3f5a.jpg,happy
21ec6d268798.jpg,happy
22062e539ecb.jpg,sad
225174d8c137.jpg,happy
226828b0b938.jpg,surprise
226e775f9ead.jpg,angry
22c1726c41be.jpg,fear
22cfeccb5e01.jpg,fear
22fc93ef1585.jpg,fear
22ff00e2c168.jpg,angry
2309cf082dee.jpg,sad
2353ff5f99e0.jpg,sad
236e77cc9be3.jpg,sad
237da0dc72b3.jpg,sad
237f56c2ea70.jpg,fear
238af64cc4ea.jpg,fear
23b12ae45dc7.jpg,surprise
23c90929ba6a.jpg,happy
23cb34334e60.jpg,sad
23dfb16d98ae.jpg,sad
2438f645cb7a.jpg,sad
2445899db8ba.jpg,surprise
248aae0e7309.jpg,angry
24a31683bcab.jpg,happy
24a8d6843411.jpg,surprise
24dc10925c1c.jpg,surprise
24f6b495626d.jpg,fear
251f5b2e2d90.jpg,sad
252827fdaa84.jpg,angry
2533c21635f1.jpg,sad
254b1012db5d.jpg,happy
2567dd3ae6db.jpg,surprise
2581ff251077.jpg,angry
26056576928e.jpg,happy
26099f80ac49.jpg,fear
262d18f6c65a.jpg,happy
2636504c7018.jpg,surprise
26634c5a7591.jpg,surprise
26d4014da02c.jpg,sad
270155fab370.jpg,surprise
270b31883bb8.jpg,surprise
271178a35e6f.jpg,angry
272d882789d3.jpg,surprise
2733b6ceec38.jpg,surprise
279b662c07e4.jpg,angry
27a1a0c52015.jpg,fear
27ae48a56434.jpg,surprise
27b9eb1dc837.jpg,happy
280d527ddc94.jpg,angry
2816f623e140.jpg,sad
285a4c93efb2.jpg,surprise
286d0c9c73a8.jpg,sad
28734659351e.jpg,happy
288317847fc8.jpg,angry
288dc972770d.jpg,angry
2891266bc008.jpg,sad
28f000974cb3.jpg,surprise
28fac0f89326.jpg,sad
292fb5d2bb18.jpg,surprise
29394e3d5ba1.jpg,sad
2949cab3e336.jpg,angry
29507eca0368.jpg,sad
2984b3267bb9.jpg,sad
29b722ec8adb.jpg,surprise
29bd3378df63.jpg,angry
2a04cd93bffb.jpg,sad
2a12b8eb70f6.jpg,fear
2a1f3f3bce19.jpg,angry
2a2387b3d5d3.jpg,surprise
2a3a5f18b300.jpg,surprise
2a3b4b8113b9.jpg,angry
2a41a271bea3.jpg,fear
2a41f3529dfa.jpg,angry
2a427f653a5e.jpg,surprise
2ad26dcbcbac.jpg,surprise
2ade8f3910b0.jpg,happy
2b37d58da4e8.jpg,happy
2b382c1324d8.jpg,surprise
2b38c58ebfa5.jpg,surprise
2b3f52ec72d9.jpg,fear
2b5f44826714.jpg,happy
2b697b7625ae.jpg,happy
2b71d3aa45d4.jpg,surprise
2bc572ff4d0d.jpg,angry
2bd8b33a48da.jpg,happy
2c15c7b1acbc.jpg,angry
2c21e7a3fb06.jpg,sad
2c6865555978.jpg,angry
2c6f21ec6f62.jpg,surprise
2c741bea0c18.jpg,sad
2ce53a89e288.jpg,sad
2d080caf606d.jpg,surprise
2d25447924d4.jpg,happy
2d3d45ab8dbe.jpg,angry
2d49f9eacfe5.jpg,happy
2d4bab309a54.jpg,fear
2d4c98a21e4b.jpg,fear
2d506d6e28f8.jpg,surprise
2d81c7810c46.jpg,fear
2d8636902cb8.jpg,angry
2d9111637859.jpg,happy
2dadc05fff95.jpg,sad
2db2ddb3f3c1.jpg,sad
2db8555a79af.jpg,sad
2df17e055eb6.jpg,angry
2e1f88aa2b48.jpg,angry
2e3508c66d4b.jpg,angry
2e66c6d2f25b.jpg,sad
2e7d972d34e4.jpg,sad
2eb301727d24.jpg,angry
2edcbe1f7326.jpg,angry
2f00de6159af.jpg,surprise
2f0cbb9bb6e9.jpg,happy
2f27b393b1e8.jpg,happy
2f417facab2c.jpg,surprise
2f74028866d5.jpg,happy
2f74e6329c6a.jpg,sad
2f80ff1e94e2.jpg,sad
2f9f86de3daf.jpg,happy
2fb42494dd76.jpg,angry
2fbefe148ff5.jpg,surprise
2fd86a97028e.jpg,angry
2fe376fd2142.jpg,happy
2fe779b607ca.jpg,surprise
2ff4178ba970.jpg,sad
306f4aa918c4.jpg,angry
307294ef78df.jpg,surprise
30811d332a46.jpg,surprise
309ed93aa8d0.jpg,surprise
30acb681bdc1.jpg,sad
30aebbb81c92.jpg,angry
30baacd3fc89.jpg,sad
30c9e41a408a.jpg,angry
30db6952c2c2.jpg,sad
311a0b673fc5.jpg,happy
31200c064662.jpg,happy
31279ca32f7d.jpg,happy
3143a00a88c2.jpg,angry
3146ad1eb2bd.jpg,sad
315662c16ea3.jpg,angry
318345686240.jpg,surprise
3183dd5659c3.jpg,sad
3193d821c911.jpg,happy
321f0aa6859a.jpg,sad
322af783e5c6.jpg,surprise
322cb57268ff.jpg,surprise
323f4a9b0880.jpg,angry
329a670668cc.jpg,angry
32c7a19e7a4a.jpg,happy
3300ec2a5750.jpg,happy
33292f3e21a0.jpg,surprise
333bda6fbdb1.jpg,surprise
33433ef1a4ec.jpg,angry
3373d26d72ab.jpg,sad
3378aeb49893.jpg,sad
33852761fb00.jpg,angry
338fc966d7b9.jpg,angry
339392ac3233.jpg,angry
33aa329c13f9.jpg,happy
33ecd8e90273.jpg,angry
33f73c4ae7f4.jpg,happy
33fcbbad7a92.jpg,sad
3400c85d81c1.jpg,sad
34041a310fbd.jpg,angry
342ccb16c208.jpg,angry
3434014873ee.jpg,happy
34376fd9ea79.jpg,angry
343e1a47a472.jpg,sad
345191318626.jpg,surprise
3453041332b0.jpg,angry
3464f99ac1d7.jpg,surprise
347f190224b3.jpg,surprise
348c14297810.jpg,surprise
34b0e8374e2e.jpg,sad
34cb3d76d734.jpg,happy
34d3876613ab.jpg,sad
351032bc12bd.jpg,angry
353f3da8b3f9.jpg,surprise
35867fafe6fc.jpg,sad
35b2d004dd7b.jpg,angry
35c9171afc6b.jpg,sad
35ef5b71abb4.jpg,angry
3605e81b1a4e.jpg,happy
361e6c9774f7.jpg,fear
362fc9c6e1a5.jpg,sad
36a00bdfc4b2.jpg,happy
36aca1ddf175.jpg,fear
36cd59f8b097.jpg,angry
36daad4a6647.jpg,happy
372f98a4df02.jpg,happy
374ef2d7c107.jpg,surprise
3779ddf75195.jpg,happy
3783a441116e.jpg,surprise
3791734126b7.jpg,angry
37c093db74a8.jpg,angry
37ced9f16d60.jpg,sad
38168aff1705.jpg,happy
382a5b584786.jpg,sad
38427d32f873.jpg,happy
38a1d2e820c9.jpg,sad
38c8c99c1c3e.jpg,surprise
38d393b265b1.jpg,surprise
38e12c2bb78b.jpg,happy
393c99a16984.jpg,happy
39422f6d3b35.jpg,angry
3963209c259a.jpg,fear
396aa95743d8.jpg,surprise
39ae2b3f8565.jpg,fear
39cdb6b531e8.jpg,fear
39e0e5a2a898.jpg,happy
39f065470f9f.jpg,surprise
3a06fe054d81.jpg,angry
3a5531eed8dc.jpg,fear
3a6cb03f57d1.jpg,sad
3a90eef10d6b.jpg,angry
3adb3a52c742.jpg,angry
3afc68d79ffc.jpg,happy
3b2408874879.jpg,fear
3b7d5565b67c.jpg,sad
3b904f86f1d2.jpg,surprise
3b9242db6ef9.jpg,sad
3b9c12c23be7.jpg,sad
3bcd12a5a3b0.jpg,happy
3bdec32cfa5a.jpg,sad
3bf39544148a.jpg,surprise
3c1868f4557d.jpg,fear
3c1b16cefb81.jpg,sad
3c1eb7cf3f0f.jpg,happy
3c2a214ea168.jpg,fear
3c2ed3e66390.jpg,happy
3c3896fd2933.jpg,happy
3c418f509534.jpg,happy
3c52f2caa17d.jpg,surprise
3c7f1c2069c8.jpg,surprise
3c9a2a84441b.jpg,angry
3c9eeb3f079e.jpg,sad
3cacc9deeeb0.jpg,sad
3cada31d3267.jpg,angry
3cc73516f507.jpg,happy
3cf7e42c3b29.jpg,sad
3d3480c7e41c.jpg,angry
3d5aabf37f94.jpg,happy
3d5bcca29e5a.jpg,happy
3da089d7a2ad.jpg,angry
3dcc8b8c57e1.jpg,angry
3e5015777269.jpg,fear
3e62eb2a3ced.jpg,angry
3ea97df12e2e.jpg,surprise
3f57ee4b23cc.jpg,fear
3f6d3684a206.jpg,angry
3f6eb7f55862.jpg,surprise
3f6f15ea4fc5.jpg,angry
3f807b7a7abe.jpg,surprise
3f9507a1c874.jpg,angry
3faf19745f46.jpg,sad
3fcc09624c9f.jpg,sad
3fd1d73d8aa0.jpg,angry
3fe81c56ee5a.jpg,surprise
3ff3aae27b7d.jpg,surprise
3ff8797dc9d7.jpg,surprise
3ffb33f0baa7.jpg,sad
403f21b635ea.jpg,fear
404a113870bf.jpg,surprise
40571b70246e.jpg,happy
407a9ffa6074.jpg,surprise
40b83d149f4a.jpg,sad
40c49554d708.jpg,sad
40cf60dab46e.jpg,sad
40d0059d7fec.jpg,sad
40e7ebf3ec2f.jpg,angry
40f42e47a632.jpg,angry
410ac194549f.jpg,surprise
4124733dd39f.jpg,angry
413b0d152eee.jpg,angry
4145b35eee2f.jpg,fear
41576208b0a9.jpg,happy
4169bdc31612.jpg,fear
41769c334471.jpg,happy
4185445965d4.jpg,fear
4191a288632c.jpg,surprise
41bb40e55a46.jpg,sad
41fe89f7bfa7.jpg,sad
41ff0f83fadf.jpg,sad
4267bcd5a486.jpg,fear
4268d7d0a431.jpg,happy
427ae257a227.jpg,angry
42d5252d5b91.jpg,sad
4311f57ae0df.jpg,angry
431bfbe6e416.jpg,happy
433de6a69d85.jpg,happy
4372b3469d92.jpg,sad
43749803c5cf.jpg,surprise
437515cd0c2e.jpg,surprise
4378087f6144.jpg,surprise
43803aab333a.jpg,sad
438e0e3ed0a6.jpg,angry
4395a0b363f6.jpg,sad
439dfbab2389.jpg,happy
43bfaed8c5ca.jpg,sad
444f384e95cd.jpg,fear
448495b2b07d.jpg,sad
44b135bf45bf.jpg,angry
44e2b2fd238e.jpg,angry
44e710cf48f6.jpg,surprise
450bf0b25781.jpg,sad
4518bc124032.jpg,fear
451fdb0c8d93.jpg,sad
4521863c4826.jpg,angry
454a3c9ad757.jpg,fear
4557dfc9b888.jpg,surprise
4562e81d2456.jpg,surprise
45934d94449c.jpg,fear
45960dd02cec.jpg,surprise
45d8e79b0f3b.jpg,angry
4609a09f0af7.jpg,angry
460ae08c94c8.jpg,angry
461bcf52ff46.jpg,happy
464b70411ebc.jpg,surprise
466206d30c93.jpg,angry
4662887ca4b3.jpg,happy
46ab18fe8c00.jpg,sad
46b06bdb6c4e.jpg,angry
46b4e89bafe1.jpg,happy
46c8dc9e47f7.jpg,angry
46ca90d31aa4.jpg,sad
46d3f76a18d8.jpg,angry
46dd0f8b0ea1.jpg,sad
4704b088c963.jpg,surprise
472b01793657.jpg,sad
473dfc9fa63a.jpg,angry
47a0c3bb0827.jpg,happy
47a9d958901b.jpg,sad
481817fe4a49.jpg,sad
48414815bc7d.jpg,surprise
48520344ac40.jpg,angry
48fb9b8583c6.jpg,sad
48fddd5a9636.jpg,sad
490705cd7320.jpg,happy
492ab0d5ab80.jpg,fear
4943ae1315cb.jpg,fear
496743f383c7.jpg,sad
498239e8287a.jpg,angry
498988711fa9.jpg,fear
49e5aeda6c40.jpg,surprise
4a06ee050c9a.jpg,happy
4a379c6d806b.jpg,sad
4a45cccf318e.jpg,angry
4a99b1de85b6.jpg,sad
4ac92f4a7d4d.jpg,sad
4af5ac91f287.jpg,happy
4af6047e563f.jpg,happy
4afd91b3a8f1.jpg,fear
4b1fb81550bd.jpg,fear
4b21dfd02f37.jpg,sad
4b2358eb0fa9.jpg,fear
4b2c4830a0f4.jpg,happy
4b510ee8d436.jpg,fear
4b8aca207b68.jpg,sad
4bd3eaef4f1b.jpg,angry
4bd9e7bcfecb.jpg,happy
4c1a2f9c3ab7.jpg,angry
4c362c4afc33.jpg,sad
4c86d8a5236d.jpg,angry
4ce0aabb8b98.jpg,surprise
4d073751753e.jpg,happy
4d177fcf69ec.jpg,happy
4d64706c8f8a.jpg,surprise
4d665ecf090d.jpg,happy
4d6ca17dfbf9.jpg,angry
4da19867ac24.jpg,happy
4da6e32e66bd.jpg,angry
4da7ccac92ee.jpg,angry
4e2b5a9f5417.jpg,happy
4e57af6dab12.jpg,fear
4e6f4b10cc07.jpg,surprise
4e8be9068184.jpg,surprise
4ea475fd0d69.jpg,angry
4ea8b773b145.jpg,happy
4ef0d2c4f90c.jpg,fear
4eff07204df4.jpg,angry
4f48961e32d3.jpg,fear
4f5e4fc5ddf6.jpg,happy
4f6938ac3285.jpg,angry
4f753d6e7046.jpg,angry
4f8113b0d029.jpg,happy
4f836f67f739.jpg,surprise
4f952dcc5292.jpg,sad
4fd1c3b6b372.jpg,surprise
4fd3cbb3370b.jpg,happy
4ff3461accea.jpg,fear
503b75ad2e8a.jpg,sad
5079ff9a7ab8.jpg,happy
507e1e2fa88e.jpg,sad
50888e2a39b3.jpg,angry
50927bff3645.jpg,sad
50af3f14fe65.jpg,happy
50b881641398.jpg,surprise
50c3b863f0e6.jpg,angry
50df6c605ed2.jpg,happy
50f0043b0671.jpg,surprise
50f983b695aa.jpg,happy
51195562b3ec.jpg,sad
512e788e41f0.jpg,surprise
5135764a1221.jpg,surprise
513aafa009d5.jpg,angry
51769ed9dc99.jpg,angry
51908cc76d3f.jpg,fear
519133456523.jpg,sad
519fe0b07e8d.jpg,happy
51a62a606b11.jpg,angry
51b7f28a6282.jpg,sad
51c742279f7b.jpg,happy
51e8c5063dfe.jpg,angry
52086ca62428.jpg,surprise
521e284d3bd8.jpg,fear
528d37c0cd04.jpg,surprise
529f3e9558af.jpg,sad
52ab35142aeb.jpg,sad
52d9b5b771df.jpg,happy
5308e741661c.jpg,surprise
530a15c34cb2.jpg,sad
531352b5ff55.jpg,surprise
5341237d5a22.jpg,sad
536625fd7043.jpg,surprise
537211bfbf3b.jpg,happy
53a10952987f.jpg,sad
53c89e3093b2.jpg,angry
5427703ea51b.jpg,angry
542aad2746b0.jpg,surprise
5472e11b9380.jpg,sad
547c75f224d9.jpg,angry
5497db15564c.jpg,angry
54a97e3ca291.jpg,happy
54d444032079.jpg,surprise
54dd336eea72.jpg,surprise
54e0af65c9e0.jpg,sad
54f4368ccb47.jpg,sad
5514e4af4405.jpg,sad
5551bb4ee540.jpg,fear
5568a328d62b.jpg,sad
556af87d255e.jpg,surprise
556e24a810f2.jpg,surprise
5580e896e398.jpg,surprise
558e8c91cc1b.jpg,fear
55a9b64728c6.jpg,happy
55aa87808b08.jpg,angry
55b82e2326da.jpg,angry
562c27270170.jpg,happy
5638a2141922.jpg,sad
565a146f5b90.jpg,fear
5666f42802f1.jpg,sad
567298ba60e3.jpg,sad
56775dec1601.jpg,fear
56778214c077.jpg,happy
56a1082c57c3.jpg,happy
56d38453bf4b.jpg,sad
56f5421f23c4.jpg,surprise
56f5ebfc6071.jpg,surprise
570f7890fda8.jpg,angry
57190d3fb470.jpg,happy
571a2f1c4470.jpg,sad
5724503b154a.jpg,angry
5738b3ef61d4.jpg,fear
5760355ead33.jpg,happy
5764fdb0579b.jpg,fear
5769408ae917.jpg,angry
577e1c946abe.jpg,angry
577e8c7e4bfa.jpg,surprise
578a59176d65.jpg,fear
57d6e5a64a7c.jpg,surprise
57e8c277b34a.jpg,fear
58a5e1732b3b.jpg,sad
58c04ac892bb.jpg,angry
58c47e30096b.jpg,surprise
58d49becfe80.jpg,angry
58f70d6a1531.jpg,fear
59329165b936.jpg,angry
594eedf681db.jpg,fear
5953b5fa6e0f.jpg,sad
5958ea46601c.jpg,happy
596d50a3dd1c.jpg,sad
597ef27db4ea.jpg,happy
59837052e91e.jpg,surprise
5986ae89aa34.jpg,happy
59878a5bffe3.jpg,sad
598d9e9d1848.jpg,happy
59a023ca55dd.jpg,angry
59a760ab158d.jpg,angry
59a894ce9116.jpg,surprise
59ab1f12f883.jpg,angry
59bf73bf0900.jpg,surprise
59ce48af76c1.jpg,happy
5a1e33079330.jpg,surprise
5a1ee9abe4a0.jpg,surprise
5a378a279fb8.jpg,happy
5a44ac56fb3f.jpg,happy
5a5a3440ffb9.jpg,sad
5a63ac4f8266.jpg,fear
5a85c16d9e31.jpg,happy
5a99b3370433.jpg,sad
5a9ab483a4b6.jpg,angry
5abefa2a9efe.jpg,sad
5afb4de89009.jpg,happy
5aff7029541f.jpg,sad
5b0b9238ca3e.jpg,fear
5b20ea38f3fe.jpg,happy
5b4240627211.jpg,angry
5b6a88bba4b0.jpg,fear
5b86d65e1407.jpg,sad
5c072dcf5699.jpg,sad
5c117d14769f.jpg,surprise
5c527593b3ba.jpg,surprise
5c5595ab6d17.jpg,happy
5c894eef56db.jpg,surprise
5cb04f439d79.jpg,surprise
5cf4240abdd3.jpg,angry
5cf907bb99c6.jpg,happy
5d2fbcabbf9b.jpg,sad
5d462449d3a7.jpg,happy
5d569634246e.jpg,sad
5d70a501992e.jpg,angry
5d75c7c13b43.jpg,angry
5d78730ac08e.jpg,surprise
5d8162ed2444.jpg,angry
5d906b64f8db.jpg,angry
5dbcbcd4cacc.jpg,sad
5dc81f33cd7a.jpg,surprise
5dd8a4201239.jpg,fear
5e014927b4e6.jpg,fear
5e0509e78ab2.jpg,sad
5e1e3ada5abe.jpg,happy
5e4d48ea8981.jpg,sad
5e51b47a5c9e.jpg,sad
5e553caf1837.jpg,sad
5e5e1756451d.jpg,happy
5e695893da32.jpg,surprise
5e7d7c7eaee6.jpg,happy
5e8202d19d6f.jpg,surprise
5eacd04a6b5d.jpg,fear
5ed456ed9f18.jpg,surprise
5f183075f142.jpg,surprise
5f2208bcfbab.jpg,angry
5f2f661a0d9b.jpg,sad
5f592e2ccfdb.jpg,surprise
5f5cdea344f8.jpg,fear
5f9627fa6006.jpg,angry
5fa91de2f923.jpg,angry
5fc7d145f4ca.jpg,sad
5ffa06a6dd82.jpg,sad
601f611f5814.jpg,surprise
603b0f3f93ea.jpg,sad
604a34eef65c.jpg,happy
60535567c138.jpg,sad
60832446b6ca.jpg,happy
60a38924711c.jpg,surprise
60c359eb91bc.jpg,angry
60c6e29c0381.jpg,happy
60ddabcb668f.jpg,surprise
60f574dc6f68.jpg,surprise
61272bbf8c22.jpg,angry
61302b6f772c.jpg,sad
61b1f5986a47.jpg,sad
61bf71cb7468.jpg,angry
61d204621ee0.jpg,surprise
61da85c4daea.jpg,surprise
61da945b3fc7.jpg,angry
61f761dd6446.jpg,angry
61ff8801ad05.jpg,sad
620e7c1be7aa.jpg,angry
621585cf1fc7.jpg,sad
6227083fb201.jpg,angry
623b3e6045ca.jpg,angry
62674d09658b.jpg,surprise
62f23b0c7c83.jpg,sad
62fb41d93901.jpg,sad
632b43c03acf.jpg,happy
6352b51598df.jpg,sad
6352e6fdbe8a.jpg,surprise
636223f24bcb.jpg,fear
63acf505ecc7.jpg,surprise
63bd7e05a153.jpg,sad
63bf1bebed47.jpg,fear
63c2c5b2be8f.jpg,angry
63c7da86ed7f.jpg,surprise
644b3790b611.jpg,fear
644d61370f53.jpg,happy
6456574591b3.jpg,sad
64644d22b697.jpg,surprise
649e31a38823.jpg,surprise
64ab8bfb86db.jpg,surprise
64efa80a14a9.jpg,sad
650ae4f7321d.jpg,surprise
650c25afa996.jpg,happy
65322ed861ad.jpg,sad
653b9ac51f08.jpg,surprise
655dba4d787f.jpg,angry
6591428b23a9.jpg,surprise
65b12ec60154.jpg,sad
65e43da3896f.jpg,fear
660a4ee8e1b8.jpg,fear
661076e008fd.jpg,fear
6616ee6a1c68.jpg,happy
6622dabfe906.jpg,happy
6649ee71fc0e.jpg,sad
665d195706d5.jpg,happy
666741ad7eab.jpg,happy
666fd3b4310f.jpg,sad
66756b2fff7a.jpg,fear
66d16a2569d2.jpg,happy
66dedd6b1a09.jpg,sad
66e0cc111474.jpg,fear
67102a76c25c.jpg,angry
674c3e18e8b6.jpg,surprise
67647dc02869.jpg,angry
67794a1996c0.jpg,angry
677c1071ba10.jpg,angry
678da29cab99.jpg,surprise
67a1ab429956.jpg,happy
67c6294ee069.jpg,happy
67dff158c636.jpg,sad
67e5e8c35542.jpg,angry
67eb0a905ea2.jpg,sad
680df0600937.jpg,surprise
681bf1ca1a5c.jpg,angry
68517155fd65.jpg,fear
68875c717d18.jpg,angry
68b31f2cef7d.jpg,angry
68cd3b67b2c1.jpg,surprise
68d33d2b7e09.jpg,happy
68d464bf4569.jpg,sad
68e0b52e8f58.jpg,angry
6909b92b3d02.jpg,happy
690fb7a223f0.jpg,angry
6916012c53f1.jpg,angry
692cdc6256d1.jpg,angry
694139c670a2.jpg,angry
6975971a2aa4.jpg,sad
6980ee77ef93.jpg,surprise
6988e6a5b492.jpg,surprise
698fb975b55c.jpg,happy
699360015b3f.jpg,happy
6996750748bb.jpg,happy
69a83efaddf0.jpg,angry
69b9413697c2.jpg,angry
69c507b7278c.jpg,sad
69e84667c380.jpg,happy
69ea79f52094.jpg,happy
69edf1b4d39d.jpg,surprise
6a55794dab32.jpg,sad
6a571b7f0af5.jpg,happy
6a74203f78c7.jpg,angry
6aa183bab618.jpg,angry
6aa8d7182dd4.jpg,surprise
6abc825665bd.jpg,happy
6b122dace111.jpg,fear
6b33ad7d4cf7.jpg,angry
6b4d7db1fac6.jpg,happy
6b9b8e622251.jpg,angry
6bf60803a9f6.jpg,surprise
6c34d5d3251e.jpg,surprise
6c581b1b2539.jpg,sad
6c6a68e0c305.jpg,angry
6c7228b253fa.jpg,sad
6c813300420e.jpg,happy
6c868ed6a49a.jpg,surprise
6cbb75b35144.jpg,happy
6cf651bd22dc.jpg,angry
6d00fe65c61e.jpg,happy
6d2613ae9b77.jpg,surprise
6d346d013747.jpg,angry
6d57c84e9b26.jpg,fear
6d58b19024c0.jpg,sad
6dc5226b0887.jpg,surprise
6dc53692135c.jpg,happy
6dcbfdf0bc99.jpg,happy
6dd85a10234b.jpg,happy
6df976e85c37.jpg,fear
6e063d55c975.jpg,fear
6e08b483ed56.jpg,surprise
6e17edd9f41a.jpg,surprise
6e2df8eff5d1.jpg,sad
6e4131e08c2e.jpg,angry
6e5539c74176.jpg,surprise
6e6bf6c639c1.jpg,sad
6e73399e16d7.jpg,happy
6eb0b7a9fe7e.jpg,happy
6edf68b54361.jpg,happy
6ee62bf65ecc.jpg,sad
6eece563c5fd.jpg,surprise
6f15322750dc.jpg,angry
6f2308ab2165.jpg,sad
6f5a7dc189aa.jpg,happy
6f66feb5b403.jpg,surprise
6f765da5fa9e.jpg,sad
6fa1820d9195.jpg,surprise
6fbd294a7c71.jpg,surprise
6fd4ce96d176.jpg,happy
6febbc6dc889.jpg,sad
702e0651cdf8.jpg,sad
705cd47f74a6.jpg,angry
70650a9acafc.jpg,happy
70970eed7876.jpg,happy
7097cc7d115d.jpg,sad
70bc23deba5a.jpg,happy
70f11b6563ce.jpg,sad
70f6eda87823.jpg,surprise
71023a65168d.jpg,surprise
710aeb7d0109.jpg,angry
71334efb9697.jpg,happy
7140f33a3597.jpg,angry
71538cfad7c5.jpg,angry
71672ce8fd22.jpg,happy
719f2fe02167.jpg,happy
71c3b65a5724.jpg,sad
71c826ac61c0.jpg,happy
71cbccbe4303.jpg,surprise
71cd343dfc27.jpg,sad
71fcf40238e4.jpg,fear
721bb5a1da00.jpg,surprise
722800dabb11.jpg,sad
724f386cb87a.jpg,surprise
72543a1b2122.jpg,happy
725764b92c31.jpg,surprise
72636f727e71.jpg,angry
72684bb05533.jpg,fear
72dda8fb621e.jpg,surprise
72f8300d76e9.jpg,happy
7315dceb15a8.jpg,fear
731fb2507e48.jpg,surprise
7359f0bd5b74.jpg,surprise
737b19a0df5f.jpg,sad
738720b4f02b.jpg,surprise
739867b6bb87.jpg,fear
73a25360b26e.jpg,happy
73aa5be628cf.jpg,sad
73d03b640f7a.jpg,surprise
73d92f39768c.jpg,sad
73e9b1ce98ad.jpg,surprise
73ec66be0f52.jpg,sad
73f92fd07bf1.jpg,angry
73ff40c23fa5.jpg,sad
74260b4224dc.jpg,sad
742e9ea2a132.jpg,sad
74502c18af00.jpg,happy
74554b0ac6fa.jpg,happy
7461dee30f31.jpg,fear
7473f561a30b.jpg,surprise
748819f8aa86.jpg,angry
74988c8200d2.jpg,sad
74bffce48763.jpg,surprise
750ae917cd47.jpg,happy
751a26d2e5d9.jpg,angry
752306f020bf.jpg,happy
7561087e81be.jpg,fear
758834f8d702.jpg,surprise
75a31898232e.jpg,angry
75e99b7a584c.jpg,fear
766e32ea2ce9.jpg,angry
766e514ca4a2.jpg,surprise
7671ab6dbb7c.jpg,sad
76cbdcf98119.jpg,angry
76ce4be07671.jpg,angry
76d5e4092133.jpg,surprise
76dc1c4473d0.jpg,sad
771761dc5f2f.jpg,angry
7727ab76bcf3.jpg,happy
7730d40f02be.jpg,surprise
776832203c60.jpg,sad
778711e74654.jpg,happy
78032bed4953.jpg,angry
7814c6a8dafa.jpg,sad
785f94a39d27.jpg,angry
78609b4ce5f7.jpg,sad
78a51fcde611.jpg,fear
78b5938e1095.jpg,happy
79008c13ec40.jpg,surprise
79303a77b9cf.jpg,angry
796ed0354f21.jpg,angry
79895ff0a132.jpg,happy
79b6fbdeefd2.jpg,angry
79c29c14cb80.jpg,happy
79c8e417cc1e.jpg,happy
79da8cc7eaa6.jpg,sad
79e08e98d033.jpg,surprise
79faf870fe39.jpg,surprise
7a14d16f06a3.jpg,angry
7a296d7cb795.jpg,angry
7a585c3059f5.jpg,angry
7a5bf226fc42.jpg,sad
7a92cd0aff45.jpg,fear
7a981278d312.jpg,sad
7a9a68b11918.jpg,happy
7aa3ce19c367.jpg,surprise
7aa68a150e91.jpg,happy
7aa7a45c9ea2.jpg,angry
7aa7f4599b0a.jpg,sad
7aad4ad528c3.jpg,angry
7aadaacb2510.jpg,happy
7ace19f1ceb4.jpg,angry
7ae53d7ecce0.jpg,angry
7b21b8706f9d.jpg,surprise
7b45e61312b6.jpg,happy
7b4b20289d9f.jpg,fear
7b5f22e9a304.jpg,surprise
7b79ec73ad53.jpg,sad
7b7d7ec3a5b7.jpg,surprise
7b80ad7ae8ff.jpg,surprise
7bc4ff1b7459.jpg,fear
7bd5d29cf718.jpg,happy
7bd742a656b6.jpg,angry
7bd84544be48.jpg,angry
7bdabc1161de.jpg,sad
7be7045cf2d0.jpg,happy
7be766082afb.jpg,happy
7c013fb06117.jpg,surprise
7c193867f833.jpg,happy
7c344385d15e.jpg,happy
7c7a3e23bec8.jpg,fear
7c85c43b139f.jpg,surprise
7d18c9ad6659.jpg,surprise
7d29e151c072.jpg,surprise
7d3992d2bb85.jpg,happy
7d4b573c49d3.jpg,surprise
7d6086abd641.jpg,surprise
7d62dad48ddc.jpg,fear
7d67de6ea266.jpg,fear
7d704ee3111e.jpg,surprise
7d86056b231c.jpg,surprise
7dca67d3994f.jpg,angry
7e0c0390e8a2.jpg,angry
7e33ab346712.jpg,surprise
7e8d1a641bd3.jpg,happy
7ec1eb0508b9.jpg,happy
7ee1d32fb52b.jpg,fear
7ef22712ffc2.jpg,happy
7f0db45c5249.jpg,angry
7f152b9b239d.jpg,angry
7f1b6c48df36.jpg,happy
7f2a499f5e33.jpg,happy
7f2d01cd0907.jpg,sad
7f42d6f83a41.jpg,happy
7f4d514cd572.jpg,surprise
7f544854cb84.jpg,surprise
7f7c0511b35e.jpg,happy
7f7fe2732185.jpg,happy
7fa932d7d0ae.jpg,happy
7fd799b13fed.jpg,sad
7ff29415c903.jpg,sad
800a5d52cde0.jpg,angry
800a840f27c3.jpg,angry
803c51fd3fdc.jpg,fear
806187a28a30.jpg,angry
80691ea36fc0.jpg,angry
80f9844e8684.jpg,happy
8132e702dd07.jpg,angry
816a21ff2a19.jpg,surprise
8175384063fe.jpg,happy
81995794fb74.jpg,happy
819da38753c8.jpg,surprise
81a2118bab04.jpg,surprise
81ae6fe70d8f.jpg,happy
81bc6489838e.jpg,angry
81c4c78be51a.jpg,fear
81daeff02232.jpg,angry
81fae3c20474.jpg,angry
820afc0dcc69.jpg,sad
8210aa6c1871.jpg,sad
821cbc7a7a91.jpg,happy
82b18a88f7f8.jpg,sad
8306fe8cb915.jpg,surprise
830d22da73bf.jpg,fear
8327f1846d86.jpg,surprise
83322cfeb7e7.jpg,happy
83417227d49a.jpg,happy
835a41133d21.jpg,happy
8380f615d7d8.jpg,happy
83bba8093ffc.jpg,angry
83ce117aa1a0.jpg,surprise
83d4e13f9c9b.jpg,sad
83d66c00a7bd.jpg,sad
83d7973746e2.jpg,fear
83f370a44bc3.jpg,angry
83f98e66b7e3.jpg,surprise
84082ea80e91.jpg,happy
840fefb1b0f3.jpg,angry
841e33e9200a.jpg,angry
842255d990fc.jpg,happy
84353787571f.jpg,fear
8435d82db519.jpg,sad
844fa7a54b7f.jpg,surprise
845182567c35.jpg,angry
845f663f70f9.jpg,surprise
846c10c4996b.jpg,angry
8495ec44d452.jpg,happy
84a341f3569f.jpg,sad
84aa0a765de1.jpg,happy
84abb755f949.jpg,fear
84ce1a6c3c0c.jpg,angry
84ed04618609.jpg,sad
84fbf97a03d3.jpg,sad
850106b60b1c.jpg,angry
8522ffb3999b.jpg,happy
854fb5ce50c7.jpg,sad
85784c5b1e80.jpg,angry
857d3493c657.jpg,happy
858ccfc6898b.jpg,angry
859058421b53.jpg,sad
859cf2075367.jpg,sad
85bb3c991dba.jpg,surprise
8603f61d9670.jpg,happy
8625cc27ba32.jpg,fear
86486263a765.jpg,sad
865225fa7de3.jpg,surprise
866cafcb9f5a.jpg,sad
8693956db89e.jpg,surprise
86a23ee26667.jpg,happy
86a49bf3c660.jpg,angry
86d6984441ef.jpg,angry
86dddb716bfe.jpg,angry
86e0310c0233.jpg,happy
8700531aef2a.jpg,angry
87083cfe2d72.jpg,happy
871bfafa5b28.jpg,sad
8729b91d4981.jpg,happy
873b01d9c9f2.jpg,happy
87459b230ef7.jpg,happy
876b39790fe4.jpg,sad
876e0c4bab11.jpg,happy
87885058d9dd.jpg,surprise
8796f2f2b843.jpg,happy
879702d8866f.jpg,angry
8798e3f45cc8.jpg,happy
87b63c597876.jpg,fear
87eab94bc2b0.jpg,happy
87ff5bd98569.jpg,angry
881b6fecaaac.jpg,happy
88337035818f.jpg,angry
886795ac5859.jpg,surprise
887827206cd5.jpg,angry
88bef4cd3ea5.jpg,angry
88c13ec427db.jpg,angry
88ec297bf39c.jpg,sad
88ed49998a18.jpg,happy
890b8d510063.jpg,sad
892ced6d35ae.jpg,happy
8952cddc6009.jpg,fear
89580883e8f1.jpg,angry
8974a6ec6eeb.jpg,surprise
89cf174716bd.jpg,surprise
89d81f6c8e28.jpg,sad
89ec02a722b2.jpg,surprise
8a52b99de750.jpg,fear
8a55d83f8ed0.jpg,surprise
8a5b230d427e.jpg,fear
8a66b329931e.jpg,angry
8a878a5df7fc.jpg,angry
8a8ca558ea29.jpg,fear
8a94a60ba7dd.jpg,surprise
8a9d1a93b41d.jpg,sad
8ada4972d557.jpg,angry
8b0f32bcb351.jpg,fear
8b0f83e5e1ae.jpg,angry
8b1e638e15d4.jpg,surprise
8b619a26c954.jpg,happy
8b942cd867a7.jpg,angry
8bb0562fff48.jpg,surprise
8bb1bf24f0da.jpg,sad
8bb373c457c9.jpg,surprise
8bdafca38df8.jpg,sad
8beae867412b.jpg,surprise
8c477b5d4eb1.jpg,fear
8c5d9cd38d13.jpg,fear
8c602a0378af.jpg,angry
8c629820a823.jpg,surprise
8c7f01d4922d.jpg,sad
8c88c346914f.jpg,fear
8c9a41fa9593.jpg,surprise
8c9e23551d9e.jpg,sad
8ce0b643cae2.jpg,angry
8ce62326c7f6.jpg,angry
8d1f539a5024.jpg,fear
8d62325ba870.jpg,happy
8d89817472e1.jpg,fear
8db05cf8c10c.jpg,surprise
8dd0ac832ed8.jpg,happy
8de1b4d7e8d4.jpg,happy
8e1ad9323031.jpg,surprise
8e395ad97fe9.jpg,surprise
8e418242ce6d.jpg,surprise
8e5040381aca.jpg,surprise
8e618365713c.jpg,sad
8e67ee21b5c8.jpg,sad
8e6df35597a2.jpg,surprise
8e722b443ab0.jpg,angry
8e74d62cc0f2.jpg,happy
8e7a0501f9f6.jpg,angry
8ec628cf0d80.jpg,surprise
8ed19cbbed27.jpg,sad
8ee8921c30de.jpg,surprise
8f0283807b7a.jpg,surprise
8f69defa1aa8.jpg,happy
8f91fccddbdc.jpg,fear
8fb6baee76b2.jpg,surprise
8fc14ef485dd.jpg,happy
8fc619692f93.jpg,happy
8fcd406a98c5.jpg,sad
8fde0a54c82c.jpg,sad
900695b35706.jpg,happy
900b0d6c909a.jpg,surprise
90140dc274e6.jpg,angry
901ca49188a7.jpg,angry
9029327864f5.jpg,sad
90373cfa836f.jpg,surprise
906c6a4bab90.jpg,happy
908006835b38.jpg,angry
90911bf37018.jpg,angry
90a71b0d54d7.jpg,angry
90c0bf03955c.jpg,sad
90e6ad583294.jpg,sad
91122f6c3092.jpg,sad
911b60c14198.jpg,surprise
9138acafd63a.jpg,happy
913b71c41c42.jpg,happy
9161c7466757.jpg,sad
9165f51d346d.jpg,surprise
917709b4c69d.jpg,angry
91866bb66e5d.jpg,angry
918efe17903d.jpg,angry
9190fc99e5d4.jpg,surprise
919d6bb70230.jpg,surprise
91b5327ffed6.jpg,angry
91e0a2b6011a.jpg,fear
91e3f310b1b0.jpg,happy
91eb16514219.jpg,surprise
91f53f3e5111.jpg,happy
91f9a42f63eb.jpg,sad
9201606e71e7.jpg,surprise
92051a7f6852.jpg,sad
9206b642096f.jpg,sad
920af895addf.jpg,fear
920cc0499cef.jpg,surprise
92121be063bb.jpg,sad
92238185c59c.jpg,surprise
92288278d1c7.jpg,sad
92385762b871.jpg,surprise
9276f460e8e1.jpg,surprise
9283994f57b8.jpg,fear
92c089209834.jpg,angry
92c89c7f90ec.jpg,happy
92fb0a548d27.jpg,sad
9303beaf3123.jpg,fear
932f04ffffa6.jpg,happy
933840e66914.jpg,fear
934c55d2af4d.jpg,angry
9364ce86534b.jpg,surprise
9380c6a72982.jpg,sad
93a13ccf7d21.jpg,sad
93da8cc737e8.jpg,surprise
940939d3c4c8.jpg,fear
94111cf05621.jpg,sad
9420370a5f1b.jpg,surprise
944dbbef6932.jpg,fear
94511e45e731.jpg,surprise
945400f0c339.jpg,angry
946948b72343.jpg,sad
94c3ffc945b5.jpg,sad
94c9525b9838.jpg,sad
94ef5a843f65.jpg,angry
94f2ecde881a.jpg,sad
94fc9808fc31.jpg,sad
952d1a8c816f.jpg,happy
9548070ce37c.jpg,surprise
954e95100eeb.jpg,surprise
955c915eb9c3.jpg,angry
9567e1f5818b.jpg,surprise
95c01be24c09.jpg,sad
95c22df9904e.jpg,surprise
95e75c559ba1.jpg,angry
961c3b1f3554.jpg,sad
9627b596bd29.jpg,surprise
9628e85804fe.jpg,fear
963a2dc4d6fb.jpg,fear
965b7817ea97.jpg,angry
966fb5010947.jpg,fear
9670ab513fbf.jpg,sad
967d929d5644.jpg,angry
96800ad0d16b.jpg,fear
96a4681f3b7b.jpg,angry
96aec9de4ef0.jpg,surprise
96c8a747559e.jpg,sad
96f2c802ed68.jpg,surprise
96f33d362c76.jpg,fear
97197fbe80df.jpg,angry
972b15fda11e.jpg,happy
9768d90e6d83.jpg,angry
9787122925a4.jpg,happy
97900fe8eae4.jpg,surprise
97d700b9fa93.jpg,surprise
97fb98769f85.jpg,angry
981216ac21c4.jpg,angry
9820b690a9a8.jpg,sad
9826f15c7169.jpg,happy
982860528e09.jpg,surprise
9832cec0fab2.jpg,angry
983649959b2a.jpg,sad
9838fe133f05.jpg,angry
9841f4c31862.jpg,angry
989129b7bcd7.jpg,surprise
98a7fe8ef669.jpg,sad
98b9003488d1.jpg,sad
99243e68760c.jpg,happy
9925dcf2dd35.jpg,angry
993989192771.jpg,fear
9941edb16972.jpg,surprise
997334ffcd2a.jpg,sad
99bdde3665d3.jpg,sad
99c4b2a04ab3.jpg,happy
99c664822184.jpg,fear
99d1f058d312.jpg,sad
9a1f2c82e028.jpg,surprise
9a3ede5c2762.jpg,happy
9a4e3a92f752.jpg,angry
9a55df362e65.jpg,sad
9a75fbe67fc0.jpg,sad
9a982226c6a1.jpg,angry
9aa0cb7688af.jpg,happy
9ab6051417b5.jpg,fear
9abb74220646.jpg,angry
9adcd6bc1fc0.jpg,fear
9ae5cb8d2860.jpg,happy
9aec4ff7345a.jpg,angry
9b222def8005.jpg,happy
9b524b0a05b0.jpg,sad
9b583cda1d0f.jpg,angry
9b6c33388d64.jpg,sad
9b75712d10bd.jpg,happy
9b75c984126d.jpg,surprise
9b76f9522315.jpg,fear
9b9ff2e80bd9.jpg,surprise
9be3a2103bad.jpg,surprise
9bfe191e22c0.jpg,surprise
9c094adc3500.jpg,angry
9c24e3dde447.jpg,angry
9c278dff45ec.jpg,happy
9c2d237b15f5.jpg,sad
9c3a90bf3040.jpg,surprise
9c496124f2ae.jpg,sad
9c4af676dfdc.jpg,sad
9c4c80c32e6b.jpg,fear
9c8797dd9a9c.jpg,happy
9ca308640381.jpg,happy
9cb1ac85896e.jpg,happy
9cb762b10617.jpg,happy
9cc4917028e2.jpg,happy
9ccb9e0a7676.jpg,sad
9d194ef2e3a2.jpg,happy
9d4b15a55eef.jpg,angry
9d5c404b17d7.jpg,sad
9d634450765d.jpg,surprise
9d7c8e7fec5a.jpg,sad
9d8335dcdfc8.jpg,surprise
9d97db313a6f.jpg,sad
9dc42b61fde7.jpg,fear
9de0c7b3b5a1.jpg,happy
9de466335e34.jpg,surprise
9deea889d321.jpg,sad
9def7bb217db.jpg,surprise
9df9a0c6028f.jpg,angry
9e025d2656bc.jpg,sad
9e0b02673e98.jpg,angry
9e0cd1fa9215.jpg,angry
9e18c2168049.jpg,surprise
9e1a50adbce5.jpg,sad
9e4dbc8689c3.jpg,sad
9e5d8f4e5a46.jpg,angry
9e8fb66f7d4b.jpg,surprise
9ebfc078c57e.jpg,angry
9eea444f0570.jpg,surprise
9f17c5224f8b.jpg,sad
9f2005d790ae.jpg,fear
9f6b6512c45d.jpg,sad
9f998556ecd8.jpg,sad
9facff383198.jpg,happy
9fb9b3eea0de.jpg,sad
9fc1f6cf1bba.jpg,sad
9fee0326d95a.jpg,fear
9ff1cf91659b.jpg,happy
a0213ab21bd6.jpg,happy
a02ae7e0a07a.jpg,surprise
a069416c215c.jpg,surprise
a08661dd81a3.jpg,sad
a093473289c9.jpg,angry
a0e84718e23f.jpg,surprise
a0edba0b1d16.jpg,fear
a106a2b973e4.jpg,sad
a108c4af6962.jpg,fear
a1358ff643ce.jpg,sad
a1454add24ed.jpg,surprise
a1552b5cef01.jpg,happy
a15ed5221dd7.jpg,sad
a18dc64ff4a7.jpg,surprise
a18e2d9c903d.jpg,sad
a1b76fd8aedd.jpg,angry
a1bd20300598.jpg,angry
a1c6cc5141da.jpg,surprise
a1caf920cf4a.jpg,happy
a1ff9c19fd42.jpg,happy
a20de955251d.jpg,angry
a216f061f666.jpg,sad
a21811f42d98.jpg,angry
a250b1196cef.jpg,happy
a256cac46aa2.jpg,happy
a2702f9af359.jpg,happy
a28c14825ffa.jpg,surprise
a2b6c2fc0ba2.jpg,surprise
a2b8cd42e79f.jpg,sad
a2c7eebe01ad.jpg,sad
a2f37eb2af1e.jpg,sad
a349a8e84fd0.jpg,angry
a361a253e53c.jpg,surprise
a36541738aa8.jpg,angry
a36c3df9eea6.jpg,angry
a3ca2825f828.jpg,angry
a3cd21592c51.jpg,sad
a3f371179bc4.jpg,angry
a499bfdf14a4.jpg,happy
a4a467af7cb1.jpg,sad
a4b4446a647f.jpg,surprise
a4e56193d943.jpg,angry
a4f3c835d47e.jpg,sad
a5229909f343.jpg,happy
a557bbd0732a.jpg,fear
a55a902ad32f.jpg,happy
a57378cd168d.jpg,surprise
a59827a2db0b.jpg,angry
a5a29725b065.jpg,fear
a5c8ecf4a385.jpg,sad
a5e7bd16823a.jpg,surprise
a631cc4fec95.jpg,surprise
a6647e4d6536.jpg,angry
a6d933a3ec21.jpg,happy
a6dc68cc7457.jpg,sad
a71e28adbf1e.jpg,angry
a7623869da7a.jpg,sad
a76a48b74901.jpg,angry
a7944133595a.jpg,fear
a7bc63a06db0.jpg,happy
a7dcb5ec5dc8.jpg,angry
a7f5b610ae74.jpg,angry
a8150b20f94c.jpg,sad
a83b95f125c8.jpg,happy
a850ffebfb9b.jpg,angry
a88f6e3d4f4e.jpg,angry
a8c6c199279e.jpg,happy
a8d6db45ec66.jpg,fear
a8dcf6c1f307.jpg,happy
a8e69c9bc0ae.jpg,surprise
a90ecedc4038.jpg,sad
a926c68ff43e.jpg,fear
a94863519f5d.jpg,angry
a95400ac9c48.jpg,surprise
a997f7d785dd.jpg,surprise
a9a11c248d1f.jpg,surprise
a9af7f3f53ca.jpg,angry
a9b0084b1068.jpg,surprise
a9b69ddda666.jpg,happy
aa0eb39d1e72.jpg,angry
aa40bac66d70.jpg,fear
aa86235f3106.jpg,surprise
aa94fede0aad.jpg,fear
aac1bcc30b51.jpg,happy
aaf267b69120.jpg,surprise
aafa5e81f225.jpg,sad
ab05610269bc.jpg,sad
ab0e8769be7f.jpg,fear
ab4da4c60f98.jpg,fear
ab5db09cde2d.jpg,happy
ab6823e8481a.jpg,sad
ab98d15f75cd.jpg,fear
abc2fbe2ed2a.jpg,happy
abeeec290f3d.jpg,happy
ac1eeb7a86cd.jpg,fear
ac265800d549.jpg,surprise
ac62941b2644.jpg,angry
ac9a5b266f8f.jpg,surprise
acc8e65480f0.jpg,sad
accefe46e8c0.jpg,sad
acd3d5d96940.jpg,angry
ad154a19c8be.jpg,angry
ad3f911e0ae4.jpg,sad
ad51febeb5ac.jpg,fear
adb394ccd2c5.jpg,angry
adbe1fcae611.jpg,angry
addaa61fa60a.jpg,sad
addfcb3df6a2.jpg,happy
adf750ea5cae.jpg,angry
adf96a31c0ab.jpg,surprise
ae1f539b68ca.jpg,sad
ae22153074da.jpg,surprise
ae2dbc0f7847.jpg,surprise
ae485042bfe7.jpg,surprise
ae5b2d2685f0.jpg,happy
ae64a20f19ec.jpg,angry
ae834b51eb76.jpg,sad
ae981d3ee2fb.jpg,angry
aeaff8656282.jpg,surprise
aeb4da8ae2d4.jpg,angry
aeb5a7ab81d8.jpg,angry
af3d874f4a82.jpg,surprise
af6d1b95f961.jpg,angry
af7aa2e41cc6.jpg,happy
afb89b7cf773.jpg,surprise
afec27151486.jpg,surprise
b07c1677d8bc.jpg,surprise
b09cd5dd0aaa.jpg,angry
b0b01d05fcc3.jpg,surprise
b0d063574e44.jpg,fear
b0d32100674e.jpg,sad
b0dab1e00afa.jpg,sad
b0ef30443f7a.jpg,angry
b14eb97f6cfc.jpg,angry
b16a1b6c20de.jpg,happy
b1797c4a99ae.jpg,fear
b183598aa2eb.jpg,happy
b18576944f74.jpg,surprise
b188380cb7ed.jpg,happy
b1b9fd69d778.jpg,angry
b1bac3e8066e.jpg,fear
b20c79af7d46.jpg,angry
b21d783f3760.jpg,happy
b235b9210a22.jpg,happy
b284dff6c706.jpg,angry
b2b3bb02d625.jpg,fear
b2b4d7b66e65.jpg,happy
b2c84426e552.jpg,angry
b34747a31339.jpg,angry
b3562482b612.jpg,angry
b37957e55779.jpg,angry
b39cb1d96d77.jpg,angry
b3abf556031c.jpg,angry
b3c14af08196.jpg,surprise
b474220013ec.jpg,angry
b4840f10d1ab.jpg,angry
b4973d1dd741.jpg,happy
b49e6238b033.jpg,happy
b4c272c24249.jpg,fear
b4e68dd0abbc.jpg,angry
b5010789c01d.jpg,happy
b50c1b55c242.jpg,angry
b518d9b96b10.jpg,angry
b52eb8b4b124.jpg,angry
b56b190abd91.jpg,surprise
b57b9bf1bfe1.jpg,surprise
b5bef838f052.jpg,surprise
b5e04dd9680a.jpg,surprise
b5f1515eb923.jpg,angry
b613da03fb43.jpg,happy
b66a7bc646cb.jpg,happy
b6709fd1151f.jpg,happy
b67b262e6bfe.jpg,happy
b6b5f13a77d7.jpg,angry
b6c68556dbc3.jpg,sad
b7081f7dbefc.jpg,happy
b74093d6aeaa.jpg,happy
b742e5a4dca9.jpg,sad
b75cdc9441e3.jpg,fear
b7635f8fe668.jpg,happy
b77a8c0a82c9.jpg,happy
b7898693ad87.jpg,sad
b797c4a2426e.jpg,angry
b7abe2946fbb.jpg,happy
b7b4daf51091.jpg,angry
b7e467ec8519.jpg,sad
b805516448e8.jpg,angry
b815a21bedaf.jpg,fear
b829610aeb1f.jpg,fear
b82a7b7f310b.jpg,sad
b84bfcfff2fd.jpg,angry
b853f08c5efc.jpg,surprise
b85f4a325d15.jpg,happy
b867013b4534.jpg,angry
b8685a6eba89.jpg,sad
b88960040dae.jpg,angry
b88f78224c89.jpg,surprise
b8aaf2e69f46.jpg,sad
b8ba82e4d88a.jpg,angry
b8cd343b921e.jpg,fear
b8e1dcb20426.jpg,surprise
b8efa12fcb07.jpg,fear
b916c5b1a2f8.jpg,angry
b9307e52076f.jpg,fear
b94da45d9935.jpg,angry
b966de834d3e.jpg,surprise
b976598a4d58.jpg,fear
b9ae606eea1e.jpg,angry
b9ce42a21b12.jpg,angry
b9edd308ef13.jpg,happy
b9ee2502d5e5.jpg,fear
ba22a85caaf0.jpg,happy
ba280fc263a0.jpg,happy
ba3a120a25ee.jpg,happy
ba3fb5e9a942.jpg,happy
ba4874abbf00.jpg,happy
ba599eacf35b.jpg,happy
ba6ee52c9207.jpg,happy
ba72b157a32d.jpg,angry
babdcdffdb68.jpg,happy
bac306c71e91.jpg,surprise
baca74f94ea7.jpg,angry
bae0740e5ab8.jpg,happy
bb0f657ec801.jpg,sad
bb2a87622126.jpg,sad
bb4c2e269de5.jpg,surprise
bb5d7e4bf475.jpg,happy
bb6966d34fe6.jpg,angry
bb8c927de055.jpg,sad
bb9144ce7fbb.jpg,sad
bba9cfa1d7fa.jpg,angry
bbb572b93aa1.jpg,happy
bbe1a5cd9bba.jpg,surprise
bc3ab292d6b3.jpg,sad
bc798aacf145.jpg,sad
bc7a4aac7156.jpg,surprise
bc947ac1577f.jpg,sad
bcd26242bb7f.jpg,sad
bcd6eaa27e9f.jpg,sad
bcd7ada706be.jpg,surprise
bcf4f8bd44f2.jpg,angry
bcf6edddb261.jpg,sad
bd04a994bb1d.jpg,surprise
bd10bad41cee.jpg,angry
bd424a77ffeb.jpg,happy
bd4d87d0f624.jpg,angry
bd559f670578.jpg,surprise
bd5acdcbe992.jpg,surprise
bd99f0e9dfb0.jpg,angry
bd9ed0975578.jpg,sad
bda0013b1b39.jpg,angry
bda956d3f3b7.jpg,surprise
bda9a98286c5.jpg,sad
bdecb270393e.jpg,surprise
be3f005ae629.jpg,fear
be69e5c29f4c.jpg,surprise
be9ed95dd8ca.jpg,happy
beaa31b2ef43.jpg,surprise
beda0c12a9f5.jpg,angry
bf269ac0eb7b.jpg,sad
bf4dfeb6385d.jpg,fear
bfc538075760.jpg,happy
bfece502eefe.jpg,fear
c0965f1c4629.jpg,happy
c0b4d04c8496.jpg,sad
c0ddd2c12fda.jpg,happy
c0e27090a4eb.jpg,fear
c13000efc331.jpg,angry
c161238cb95a.jpg,happy
c164db994dac.jpg,angry
c16ebe259b0b.jpg,angry
c18665c112fb.jpg,happy
c199e269ca02.jpg,fear
c1a835b7b21b.jpg,sad
c1c456dd6888.jpg,happy
c1ed0e3313e1.jpg,happy
c20b99286252.jpg,sad
c232dc431c59.jpg,happy
c2613d90ca88.jpg,surprise
c29a8aaae53b.jpg,surprise
c29ebc75b43b.jpg,sad
c2e9910bc7a9.jpg,angry
c2f87cebf555.jpg,sad
c2fca3d8f9ad.jpg,surprise
c30b70b5027e.jpg,angry
c32848923864.jpg,sad
c349649d42af.jpg,fear
c35ed61f3506.jpg,angry
c36370b84750.jpg,fear
c368a62a573f.jpg,angry
c375d67fec1f.jpg,angry
c3a42a4bcb10.jpg,angry
c3e006643f61.jpg,angry
c400e0efc3d7.jpg,angry
c409a38abca6.jpg,sad
c414ba12b26b.jpg,angry
c41fab2c2e06.jpg,sad
c456cc982b66.jpg,happy
c46211da3682.jpg,surprise
c46b9c72b7d7.jpg,surprise
c47b11b146b2.jpg,happy
c49928fdf907.jpg,angry
c4b18d1a89b6.jpg,sad
c4be1f7c48a1.jpg,angry
c4d00830c138.jpg,happy
c4da8c70ff62.jpg,angry
c4dc27a28baa.jpg,sad
c4fc49efd3e8.jpg,fear
c5335a7c12e6.jpg,fear
c548a0817557.jpg,sad
c553f7a4b40b.jpg,fear
c564284cdf6f.jpg,angry
c566689997c9.jpg,sad
c5a32ae0f796.jpg,sad
c5aaf1aa8319.jpg,surprise
c5d9f5c3b4d5.jpg,surprise
c5e77164d1ff.jpg,surprise
c5eb893b274d.jpg,sad
c624518cd60e.jpg,angry
c64a07a4f9e8.jpg,angry
c661b4cdc0b7.jpg,happy
c6a8bffd8387.jpg,surprise
c6ddd1da454a.jpg,happy
c727fdfc0ede.jpg,happy
c7803838bb35.jpg,happy
c78b4356f169.jpg,fear
c795fdd90f21.jpg,angry
c7bcc0fc0714.jpg,sad
c7c3be58a254.jpg,surprise
c7d5dc238e89.jpg,angry
c7e025ca5183.jpg,surprise
c8039d144d68.jpg,sad
c80c332def50.jpg,sad
c81499be275c.jpg,surprise
c83166d6ff8d.jpg,fear
c833e4dcb7ad.jpg,fear
c877676a3751.jpg,angry
c87d9dc28787.jpg,fear
c8acda3b07ea.jpg,angry
c8dd1782ea14.jpg,sad
c8e7b4a9cbae.jpg,surprise
c8fc52afcdac.jpg,angry
c92c13a3432f.jpg,fear
c974180dd11e.jpg,happy
c9a282e038ce.jpg,happy
c9d68784b0a2.jpg,happy
ca081cbc242c.jpg,surprise
ca0898e2038e.jpg,fear
ca42d4a2305d.jpg,sad
ca4e4dd6742e.jpg,surprise
ca726027581f.jpg,sad
ca7a379cc6db.jpg,happy
ca7d00b71250.jpg,surprise
ca82bd9a80a5.jpg,angry
ca8c368322e1.jpg,surprise
cabc8bf3649a.jpg,fear
cac60f67a195.jpg,sad
cac625e18de0.jpg,sad
cb27e4a21853.jpg,surprise
cb71caa0e2ad.jpg,sad
cb71ddb6965e.jpg,happy
cba8ba305366.jpg,fear
cbaad36707a6.jpg,fear
cbdb67f632ae.jpg,surprise
cbdc5a4954fe.jpg,surprise
cbf1e6c53e15.jpg,happy
cc0016bb9486.jpg,fear
cc0a9a671b43.jpg,surprise
cc0ce61d4f42.jpg,angry
cc1f36fcb17c.jpg,happy
cc41335816fb.jpg,happy
cc56662fcaf1.jpg,happy
cc74e0b4fbc6.jpg,sad
cc79ec910da5.jpg,angry
cc8ad9c761c8.jpg,surprise
cc8dd41da33b.jpg,sad
ccdedffecb08.jpg,surprise
cce921792681.jpg,sad
cceab8171b52.jpg,sad
cced8d0a48ed.jpg,sad
ccef17fac053.jpg,sad
cd1c746b04b2.jpg,angry
cd3c7d458030.jpg,angry
cd7b45415a6f.jpg,sad
cd9f82a0562b.jpg,fear
cdaf9866c9d5.jpg,fear
cdbaf12f771d.jpg,surprise
ce32024114ad.jpg,happy
ce3c2595ed31.jpg,sad
ce4ffc7cb7d2.jpg,sad
ce55f8b034f7.jpg,surprise
ce83723e9dec.jpg,surprise
cf2c2f631d2b.jpg,surprise
cf332b9a2175.jpg,surprise
cf374ba780e7.jpg,angry
cf56d4d50408.jpg,surprise
cf5992268925.jpg,happy
cf776f08c0c4.jpg,surprise
cf7c1fb35952.jpg,angry
cf9534969f34.jpg,angry
cf99f241bf3a.jpg,happy
cfb772343504.jpg,happy
cfbafcf8d005.jpg,happy
cfce56908120.jpg,surprise
d04a436d5109.jpg,happy
d052e5d9cbff.jpg,happy
d05f7f1e6d51.jpg,angry
d066cbc23bf2.jpg,sad
d089b97b379d.jpg,sad
d0b7c94b250c.jpg,happy
d0cda5ce8f26.jpg,happy
d0d968737847.jpg,happy
d0ffb37ee750.jpg,angry
d1144cdd279f.jpg,happy
d181d0ebf7f3.jpg,surprise
d187e2053fa4.jpg,happy
d1919a172e45.jpg,happy
d19fdab6f482.jpg,fear
d1ab6740cb23.jpg,happy
d1d24a520599.jpg,sad
d1f7993df858.jpg,surprise
d20fd06e5ac5.jpg,sad
d22d32ba4942.jpg,sad
d26f09610848.jpg,angry
d277c9c3bf53.jpg,happy
d287cd3b8970.jpg,fear
d28bd4316faa.jpg,happy
d28f55a9975a.jpg,happy
d2a6b6ee83c0.jpg,fear
d2c859a8d925.jpg,fear
d2cb49811bcb.jpg,surprise
d2d152cfcdd5.jpg,surprise
d2ee8bf4cd72.jpg,surprise
d2efeb4523c4.jpg,happy
d3173348a4ee.jpg,surprise
d3abfe3bbb86.jpg,sad
d3afcc8cdd8d.jpg,sad
d3c44802a45e.jpg,surprise
d3c5a4154088.jpg,angry
d3f37996fed2.jpg,fear
d3fc6e0958ed.jpg,sad
d416dfb8130d.jpg,angry
d440c0e18ef1.jpg,sad
d47df114d47d.jpg,sad
d49d1b11e379.jpg,surprise
d4a56e2798ca.jpg,happy
d4af006f2048.jpg,fear
d4c4897902ca.jpg,angry
d50aa26cb2d2.jpg,fear
d50ea77280c5.jpg,sad
d5512352eaa4.jpg,surprise
d554b1e8a4aa.jpg,angry
d556516be6c7.jpg,fear
d556eb2b7c50.jpg,happy
d566928b3249.jpg,happy
d577c4e7cfd6.jpg,happy
d58cfd9cd526.jpg,surprise
d58e93c6588d.jpg,surprise
d5b10cde6a07.jpg,angry
d5cdb1d9b225.jpg,happy
d5e1727e228b.jpg,angry
d602cf9f961c.jpg,surprise
d608e8145d56.jpg,happy
d61e87500deb.jpg,surprise
d63f01887c3d.jpg,angry
d660c9547419.jpg,fear
d6914a191455.jpg,fear
d691f2ee2772.jpg,happy
d69e6102e6e3.jpg,angry
d69f15e733e9.jpg,surprise
d6b80fd04d54.jpg,happy
d70f32807dc4.jpg,happy
d71d0cc80fc3.jpg,happy
d7212ec8c316.jpg,fear
d723d890ff6a.jpg,angry
d75736dfde32.jpg,surprise
d771d362726e.jpg,sad
d779584f8894.jpg,angry
d7bd0088abd5.jpg,sad
d7cc9585268c.jpg,fear
d82656f08f00.jpg,angry
d827d5759125.jpg,happy
d82d76ccdf56.jpg,angry
d863573c3999.jpg,sad
d892de1cc3b9.jpg,sad
d8aa797e5d24.jpg,sad
d8b9298cfa6b.jpg,happy
d8c2e2557d04.jpg,surprise
d8ca49e1cf43.jpg,sad
d8e225aaeb63.jpg,sad
d90c6ccaa15e.jpg,surprise
d91f758f2f9a.jpg,surprise
d92dcec3e36f.jpg,surprise
d94269acbd67.jpg,surprise
d95b6b7582a7.jpg,surprise
d97cdc50474c.jpg,happy
d996b9902adf.jpg,sad
d9e319c9a898.jpg,surprise
d9e8d2a6da61.jpg,surprise
d9ec64bec953.jpg,surprise
d9f62eca9319.jpg,surprise
d9f7cf6dbd0b.jpg,angry
da1760892688.jpg,surprise
da178f68f8b9.jpg,happy
da32a1e6389b.jpg,surprise
da367f052734.jpg,happy
da43adaba7ca.jpg,sad
da607a9c0a82.jpg,happy
da83cea56833.jpg,fear
da960b08ba5c.jpg,angry
da9b8c2a0992.jpg,surprise
daa4ad3f4f95.jpg,sad
db4e682818e8.jpg,happy
db9af7ecd0ba.jpg,surprise
dba2091ed962.jpg,angry
dba6ff768187.jpg,fear
dc19ae6642b2.jpg,fear
dc1eab4e40a2.jpg,happy
dc30148a6c78.jpg,angry
dc3b481c91ef.jpg,fear
dc63bb88d52a.jpg,sad
dcabb20202f9.jpg,sad
dcadb8bb5a58.jpg,happy
dcbbbd7f6524.jpg,sad
dcd7c079f7f6.jpg,sad
dce8130a5cee.jpg,sad
dcf45cfafcbf.jpg,sad
dd0eccfdd508.jpg,angry
dd32fd236fb2.jpg,angry
dd3d185fd3fa.jpg,surprise
dd5992a07d95.jpg,surprise
ddbddeea5c34.jpg,sad
de2a80506cac.jpg,angry
de3298ee5bd9.jpg,happy
de3ddb2f648c.jpg,angry
dead16d476a7.jpg,surprise
deb55d194ab1.jpg,happy
dec53fc9da4d.jpg,fear
dee30d4d7add.jpg,fear
dee848f29edb.jpg,fear
def0ef174c14.jpg,fear
def74f3b57d3.jpg,happy
df22ba93efd9.jpg,surprise
df283ec3dfb4.jpg,fear
df49ef27fe86.jpg,surprise
df583a4319a6.jpg,fear
df6157fb5a9c.jpg,angry
df650bcb0827.jpg,sad
df69e90d493c.jpg,angry
df6a7f757a87.jpg,angry
df9291104618.jpg,sad
df945fdfb0a9.jpg,fear
dfc485f1cfc7.jpg,fear
dfc86924f4e2.jpg,happy
dfd89c75da93.jpg,sad
dff15e0bbeb5.jpg,surprise
dff6d2599de3.jpg,surprise
dff786a0d371.jpg,fear
e01ad8ea4ece.jpg,happy
e02983fbefaa.jpg,sad
e04759e923a9.jpg,angry
e04b420b5241.jpg,angry
e0516775a458.jpg,surprise
e05b670b9d80.jpg,happy
e0893e8b6e27.jpg,fear
e08eaabdab6d.jpg,surprise
e0a4b09acbdb.jpg,angry
e10373917605.jpg,angry
e11541fd684c.jpg,sad
e124df684f3f.jpg,sad
e16ca0ee0f16.jpg,happy
e1aaf8402b73.jpg,happy
e1b4609ef5ef.jpg,happy
e1c1ee7d220c.jpg,happy
e1c2ab7aa24e.jpg,sad
e1d0722f8cb9.jpg,angry
e1d5c9cbf61b.jpg,sad
e20587d43959.jpg,surprise
e2545488cae4.jpg,happy
e27ed277837f.jpg,happy
e28dee9c0ec2.jpg,sad
e2b74bda4388.jpg,sad
e2c0c2c13921.jpg,angry
e2e0555d38c7.jpg,surprise
e303250f7eb3.jpg,surprise
e3095799ad62.jpg,angry
e3684ecd151c.jpg,fear
e3727eee62a2.jpg,sad
e37374c8cb49.jpg,angry
e375ecb74191.jpg,surprise
e37c39271cd1.jpg,angry
e3bb2175ed85.jpg,fear
e3e7b8c63d8a.jpg,angry
e40ad7cade75.jpg,happy
e43665276ec3.jpg,angry
e4585de6231f.jpg,happy
e46ee215874b.jpg,surprise
e499e5a177b0.jpg,surprise
e4a67c159984.jpg,happy
e4f7d8c7441a.jpg,angry
e4fde102b680.jpg,happy
e516ce7be2b1.jpg,surprise
e51a9a63552a.jpg,happy
e5410c049741.jpg,happy
e542b6f9f961.jpg,fear
e544e2b4d7ef.jpg,angry
e555ce2f1db3.jpg,angry
e5656a4db0bf.jpg,sad
e5b7b97b50b5.jpg,happy
e5d73f10f436.jpg,surprise
e5fbe55fd962.jpg,surprise
e617ba8d0802.jpg,angry
e641ebfbe5c7.jpg,sad
e6551a2fb02c.jpg,fear
e67d416f48b6.jpg,sad
e69722a2b364.jpg,sad
e6be75ce5a54.jpg,fear
e6d3829bb681.jpg,sad
e6ee1dc6efc5.jpg,fear
e6f166ad00d9.jpg,happy
e70c851bcacf.jpg,happy
e730de250994.jpg,surprise
e76b1c79138f.jpg,angry
e76d15ae2201.jpg,happy
e7840644e179.jpg,sad
e78f18ce737a.jpg,fear
e792d87cd9a2.jpg,sad
e797d2de8607.jpg,sad
e7a198fc43e3.jpg,surprise
e7ba3ad95c6b.jpg,sad
e7c5cf1784b7.jpg,sad
e7fd50f776a6.jpg,sad
e7ffaa3b7657.jpg,angry
e8014852298b.jpg,fear
e80c4f0bebd2.jpg,happy
e833a2786ea5.jpg,sad
e84bf98ec052.jpg,happy
e86e9d51dc07.jpg,happy
e87acac0fbd2.jpg,happy
e8a8785a1dac.jpg,angry
e8cd4572964f.jpg,surprise
e8fe4a6579dd.jpg,angry
e9096dfddc0a.jpg,happy
e90ed3f0a7b1.jpg,sad
e92e0fb3462a.jpg,surprise
e93bce157aad.jpg,surprise
e95d31423055.jpg,sad
e9bec1cca2bb.jpg,fear
e9e6b94875aa.jpg,angry
e9ee16e28db8.jpg,happy
ea035b3ad5ac.jpg,sad
ea33e941a054.jpg,sad
ea669d7866d3.jpg,sad
ea66af6f6039.jpg,angry
ea8ce1b65835.jpg,happy
ea9a9fb30bfa.jpg,happy
eac078a4c076.jpg,sad
eae7bc2200c7.jpg,fear
eaebdbb7ccfa.jpg,happy
eaeff242e82a.jpg,surprise
eaf8c8def548.jpg,fear
eaf945898320.jpg,surprise
eb1093255731.jpg,sad
eb12e4268a44.jpg,surprise
eb2d9d880093.jpg,angry
eb61daff0a30.jpg,surprise
eb888dc9077a.jpg,fear
ebaef44b3655.jpg,surprise
ebc1c4cc3f76.jpg,angry
ebd59cbc5349.jpg,surprise
ec25ebaa57c5.jpg,angry
ec505442feb8.jpg,angry
ec799292c919.jpg,sad
ec82a1e6e1d9.jpg,angry
ec88273e71c3.jpg,sad
ecb3dcdc5a58.jpg,angry
ecb43ae76c93.jpg,surprise
ecc521c4cbcc.jpg,happy
ecd7585a02b2.jpg,angry
ecfbf2880c1b.jpg,fear
ed102df664cd.jpg,sad
ed1363b9769b.jpg,sad
ed498ad001e1.jpg,angry
ed500d7ad859.jpg,sad
ed526422f70b.jpg,surprise
ed5458bf0add.jpg,surprise
ed89c0bf812b.jpg,angry
edc3510cd5a4.jpg,surprise
edd668816a9d.jpg,happy
edeaad9078f2.jpg,fear
ee1c7f0f6ed0.jpg,fear
ee423212b67f.jpg,surprise
ee5a92de2820.jpg,happy
ee61b0f09321.jpg,surprise
ee6c11354668.jpg,surprise
ee884f83edae.jpg,surprise
ee913f8927b8.jpg,happy
eea34ad2edfa.jpg,angry
eea811135bfe.jpg,sad
eed120475dc8.jpg,sad
eed1d8b6092d.jpg,fear
eee4100d5c2a.jpg,fear
eef61244bddf.jpg,happy
eef8a0868f6e.jpg,happy
ef04c4d8f1c0.jpg,sad
ef0d7048ed0a.jpg,sad
ef13344e93d4.jpg,sad
ef1a6454cc00.jpg,fear
ef3095a6feed.jpg,fear
efa71dced8c5.jpg,surprise
efbd4d8b7f98.jpg,surprise
f052c921d5b5.jpg,happy
f05dc4e49c7d.jpg,sad
f063dccc4aea.jpg,fear
f065f37f8120.jpg,surprise
f06a8c329d1b.jpg,happy
f06b2e3de8e9.jpg,happy
f0725b69caaf.jpg,sad
f08710bc10bb.jpg,angry
f08947dc9109.jpg,angry
f0b80af7baf5.jpg,fear
f0e94bed7798.jpg,angry
f11e7a1683c5.jpg,surprise
f12379aa0ac7.jpg,happy
f13347dcb573.jpg,angry
f179adad30df.jpg,surprise
f17a1a84eddb.jpg,fear
f19b392224ea.jpg,surprise
f19b7cc027b9.jpg,surprise
f1a59bca7447.jpg,surprise
f1ac7c17e4ed.jpg,happy
f1dbf20049a6.jpg,sad
f1e2610a26c7.jpg,sad
f2714ef2a4c8.jpg,happy
f29e816740c9.jpg,surprise
f29ed802d856.jpg,surprise
f2c0f105719b.jpg,sad
f2fb8abb7088.jpg,fear
f34ff1aa8f63.jpg,fear
f35d87f49ecf.jpg,happy
f364196abb01.jpg,sad
f370fec340a5.jpg,sad
f39164b6352e.jpg,surprise
f3c1d4941633.jpg,happy
f3f1b23c8c7c.jpg,happy
f411fcc4f103.jpg,happy
f4223fa4cc1f.jpg,sad
f43fef878730.jpg,fear
f45d0470bcba.jpg,happy
f4966eada433.jpg,happy
f4bafe5c0165.jpg,angry
f4c2ae3c41ee.jpg,happy
f4d8dc978c1d.jpg,happy
f4d9191eb269.jpg,surprise
f4e6f838ebd1.jpg,angry
f4ff0f615522.jpg,angry
f5216c499b1c.jpg,fear
f545fc8a047a.jpg,happy
f585ca8c7b2d.jpg,angry
f586daf3e3f7.jpg,happy
f58d0cfa29e1.jpg,angry
f5919fbc5692.jpg,sad
f594477600d2.jpg,fear
f5a87e555fdc.jpg,angry
f5b7bf945ad1.jpg,surprise
f5e7c05c0710.jpg,sad
f60aea5e3e8e.jpg,fear
f613b571ab5b.jpg,sad
f63acd6858ac.jpg,sad
f6698ce4ffc6.jpg,surprise
f67558b54cba.jpg,surprise
f6d340dca432.jpg,surprise
f6f5381fb46d.jpg,angry
f70bd81236b9.jpg,sad
f70d3524f57a.jpg,surprise
f718a7ac8f10.jpg,sad
f722eaaea99f.jpg,happy
f73f0671a7d4.jpg,sad
f74579ccb492.jpg,angry
f770bd44b7fa.jpg,happy
f7809218f336.jpg,surprise
f78632aa8fbf.jpg,surprise
f793c57eabcd.jpg,surprise
f7a37521d706.jpg,happy
f7aac4dfb5cc.jpg,happy
f7f445b70bc3.jpg,fear
f7f713610a93.jpg,surprise
f80e2b0ec40f.jpg,happy
f814f3fecb50.jpg,happy
f83b0678e33c.jpg,sad
f83bfe913612.jpg,happy
f841ad7b4cb6.jpg,happy
f84c23feecc4.jpg,fear
f84c5b85cb97.jpg,angry
f84f4f249909.jpg,fear
f87b029bfbc3.jpg,surprise
f87ba43bfeca.jpg,happy
f885d04b8df0.jpg,angry
f88e4b85b11a.jpg,surprise
f8a01fc30901.jpg,fear
f8a1b1176bed.jpg,angry
f8a842c53dd6.jpg,surprise
f8b1f9f6711d.jpg,fear
f8c2e7967900.jpg,surprise
f8c630e01ae2.jpg,sad
f8f9ff1a60cc.jpg,surprise
f93b7270392b.jpg,surprise
f944802d3516.jpg,fear
f953f85c741f.jpg,sad
f995b6d7db60.jpg,happy
f9a3f703de39.jpg,angry
f9ce9d020991.jpg,sad
fa03d0b01059.jpg,surprise
fa0c1804157d.jpg,angry
fa2e84a47550.jpg,happy
fa319df7769b.jpg,angry
fa36723cdcd8.jpg,angry
fa41e8945144.jpg,surprise
fa59efac197a.jpg,surprise
faa9d119283e.jpg,surprise
fac28136d361.jpg,fear
fad5b02e62a5.jpg,surprise
fafaafced424.jpg,surprise
fb0f95d27d6b.jpg,surprise
fb19793ed644.jpg,happy
fb207de49414.jpg,angry
fb5a70aceb5f.jpg,sad
fb5de805725a.jpg,angry
fb6fbd1bc82d.jpg,angry
fb7ae1996e4a.jpg,angry
fb89384919af.jpg,surprise
fbbf90b9666a.jpg,surprise
fbe3de7d030c.jpg,surprise
fbe686d04238.jpg,sad
fbf4d2af6523.jpg,sad
fc0b5f517b27.jpg,sad
fc2d5d948671.jpg,sad
fc2f7b90a7a7.jpg,angry
fc4880e78974.jpg,surprise
fc4c9ca60d95.jpg,fear
fc56bb7f63e2.jpg,fear
fc6ae0362c4b.jpg,surprise
fc780b08c4df.jpg,happy
fc7c0b8e4ac3.jpg,angry
fc89f72e18ff.jpg,angry
fc97d6b7a8fe.jpg,angry
fca7265becc5.jpg,sad
fcbd7d2889bb.jpg,happy
fcdde187d828.jpg,happy
fcec2737a3d3.jpg,fear
fd24f84c4f3f.jpg,sad
fd782bcbb495.jpg,happy
fd8b0292876c.jpg,angry
fdc3e2a5ebc7.jpg,happy
fdc61d836376.jpg,angry
fdd6cac83e07.jpg,angry
fe6331943fb1.jpg,happy
fe74d7a2ddff.jpg,surprise
fec627337442.jpg,angry
fee31592ea67.jpg,fear
fef36b771081.jpg,angry
ff02993c9ae4.jpg,surprise
ff14894e25da.jpg,fear
ff5380d32c6e.jpg,surprise
ff53f438aa9b.jpg,fear
ff863e83ae32.jpg,surprise
ff966bd777a4.jpg,sad
ff9e95f3ded9.jpg,angry
ffc74720808d.jpg,happy
